FILENAME, REQUEST TIME(sec), REQUEST TIME(sec)https://api.elsevier.com/content/search/scopus?query=all(climate%20change%20global%20warming%20ocean%20atmosphere%20moon)&sort=coverDate&start=725&count=25&apiKey=3e98ccbfff5ed19b801086b00dfc5e36&view=standard&xml-decode=true&httpAccept=application%2Fxml,-1714619904.000000,0.000000
https://api.elsevier.com/content/search/scopus?query=all(climate%20change%20global%20warming%20ocean%20atmosphere%20moon)&sort=coverDate&start=75&count=25&apiKey=3e98ccbfff5ed19b801086b00dfc5e36&view=standard&xml-decode=true&httpAccept=application%2Fxml,-1714619904.000000,0.000000
https://api.elsevier.com/content/search/scopus?query=all(climate%20change%20global%20warming%20ocean%20atmosphere%20moon)&sort=coverDate&start=100&count=25&apiKey=3e98ccbfff5ed19b801086b00dfc5e36&view=standard&xml-decode=true&httpAccept=application%2Fxml,-1714619904.000000,0.000000
https://api.elsevier.com/content/search/scopus?query=all(climate%20change%20global%20warming%20ocean%20atmosphere%20moon)&sort=coverDate&start=150&count=25&apiKey=3e98ccbfff5ed19b801086b00dfc5e36&view=standard&xml-decode=true&httpAccept=application%2Fxml,-1714619904.000000,0.000000
https://api.elsevier.com/content/search/scopus?query=all(climate%20change%20global%20warming%20ocean%20atmosphere%20moon)&sort=coverDate&start=175&count=25&apiKey=3e98ccbfff5ed19b801086b00dfc5e36&view=standard&xml-decode=true&httpAccept=application%2Fxml,-1714619904.000000,0.000000
https://api.elsevier.com/content/search/scopus?query=all(climate%20change%20global%20warming%20ocean%20atmosphere%20moon)&sort=coverDate&start=200&count=25&apiKey=3e98ccbfff5ed19b801086b00dfc5e36&view=standard&xml-decode=true&httpAccept=application%2Fxml,-1714619904.000000,0.000000
https://api.elsevier.com/content/search/scopus?query=all(climate%20change%20global%20warming%20ocean%20atmosphere%20moon)&sort=coverDate&start=225&count=25&apiKey=3e98ccbfff5ed19b801086b00dfc5e36&view=standard&xml-decode=true&httpAccept=application%2Fxml,-1714619904.000000,0.000000
https://api.elsevier.com/content/search/scopus?query=all(climate%20change%20global%20warming%20ocean%20atmosphere%20moon)&sort=coverDate&start=250&count=25&apiKey=3e98ccbfff5ed19b801086b00dfc5e36&view=standard&xml-decode=true&httpAccept=application%2Fxml,-1714619904.000000,0.000000
https://api.elsevier.com/content/search/scopus?query=all(climate%20change%20global%20warming%20ocean%20atmosphere%20moon)&sort=coverDate&start=125&count=25&apiKey=3e98ccbfff5ed19b801086b00dfc5e36&view=standard&xml-decode=true&httpAccept=application%2Fxml,-1714619904.000000,0.000000
https://api.elsevier.com/content/search/scopus?query=all(climate%20change%20global%20warming%20ocean%20atmosphere%20moon)&sort=coverDate&start=350&count=25&apiKey=3e98ccbfff5ed19b801086b00dfc5e36&view=standard&xml-decode=true&httpAccept=application%2Fxml,-1714619904.000000,0.000000
https://api.elsevier.com/content/search/scopus?query=all(climate%20change%20global%20warming%20ocean%20atmosphere%20moon)&sort=coverDate&start=650&count=25&apiKey=3e98ccbfff5ed19b801086b00dfc5e36&view=standard&xml-decode=true&httpAccept=application%2Fxml,-1714619904.000000,0.000000
https://api.elsevier.com/content/search/scopus?query=all(climate%20change%20global%20warming%20ocean%20atmosphere%20moon)&sort=coverDate&start=925&count=25&apiKey=3e98ccbfff5ed19b801086b00dfc5e36&view=standard&xml-decode=true&httpAccept=application%2Fxml,-1714619904.000000,0.000000
https://api.elsevier.com/content/search/scopus?query=all(climate%20change%20global%20warming%20ocean%20atmosphere%20moon)&sort=coverDate&start=825&count=25&apiKey=3e98ccbfff5ed19b801086b00dfc5e36&view=standard&xml-decode=true&httpAccept=application%2Fxml,-1714619904.000000,0.000000
https://api.elsevier.com/content/search/scopus?query=all(climate%20change%20global%20warming%20ocean%20atmosphere%20moon)&sort=coverDate&start=375&count=25&apiKey=3e98ccbfff5ed19b801086b00dfc5e36&view=standard&xml-decode=true&httpAccept=application%2Fxml,24.393200,0.000000
https://api.elsevier.com/content/search/scopus?query=all(climate%20change%20global%20warming%20ocean%20atmosphere%20moon)&sort=coverDate&start=1250&count=25&apiKey=3e98ccbfff5ed19b801086b00dfc5e36&view=standard&xml-decode=true&httpAccept=application%2Fxml,0.221262,0.000000
https://api.elsevier.com/content/search/scopus?query=all(climate%20change%20global%20warming%20ocean%20atmosphere%20moon)&sort=coverDate&start=1275&count=25&apiKey=3e98ccbfff5ed19b801086b00dfc5e36&view=standard&xml-decode=true&httpAccept=application%2Fxml,0.225975,0.000000
https://api.elsevier.com/content/search/scopus?query=all(climate%20change%20global%20warming%20ocean%20atmosphere%20moon)&sort=coverDate&start=0&count=25&apiKey=3e98ccbfff5ed19b801086b00dfc5e36&view=standard&xml-decode=true&httpAccept=application%2Fxml,0.227509,0.000000
https://api.elsevier.com/content/search/scopus?query=all(climate%20change%20global%20warming%20ocean%20atmosphere%20moon)&sort=coverDate&start=575&count=25&apiKey=3e98ccbfff5ed19b801086b00dfc5e36&view=standard&xml-decode=true&httpAccept=application%2Fxml,0.260185,0.000000
https://api.elsevier.com/content/search/scopus?query=all(climate%20change%20global%20warming%20ocean%20atmosphere%20moon)&sort=coverDate&start=275&count=25&apiKey=3e98ccbfff5ed19b801086b00dfc5e36&view=standard&xml-decode=true&httpAccept=application%2Fxml,0.267620,0.000000
https://api.elsevier.com/content/search/scopus?query=all(climate%20change%20global%20warming%20ocean%20atmosphere%20moon)&sort=coverDate&start=25&count=25&apiKey=3e98ccbfff5ed19b801086b00dfc5e36&view=standard&xml-decode=true&httpAccept=application%2Fxml,7.433222,0.000000
https://api.elsevier.com/content/search/scopus?query=all(climate%20change%20global%20warming%20ocean%20atmosphere%20moon)&sort=coverDate&start=1075&count=25&apiKey=3e98ccbfff5ed19b801086b00dfc5e36&view=standard&xml-decode=true&httpAccept=application%2Fxml,8.418192,0.000000
https://api.elsevier.com/content/search/scopus?query=all(climate%20change%20global%20warming%20ocean%20atmosphere%20moon)&sort=coverDate&start=975&count=25&apiKey=3e98ccbfff5ed19b801086b00dfc5e36&view=standard&xml-decode=true&httpAccept=application%2Fxml,9.144707,0.000000
https://api.elsevier.com/content/search/scopus?query=all(climate%20change%20global%20warming%20ocean%20atmosphere%20moon)&sort=coverDate&start=875&count=25&apiKey=3e98ccbfff5ed19b801086b00dfc5e36&view=standard&xml-decode=true&httpAccept=application%2Fxml,9.173895,0.000000
https://api.elsevier.com/content/search/scopus?query=all(climate%20change%20global%20warming%20ocean%20atmosphere%20moon)&sort=coverDate&start=500&count=25&apiKey=3e98ccbfff5ed19b801086b00dfc5e36&view=standard&xml-decode=true&httpAccept=application%2Fxml,2.591062,0.000000
https://api.elsevier.com/content/search/scopus?query=all(climate%20change%20global%20warming%20ocean%20atmosphere%20moon)&sort=coverDate&start=1100&count=25&apiKey=3e98ccbfff5ed19b801086b00dfc5e36&view=standard&xml-decode=true&httpAccept=application%2Fxml,9.600222,0.000000
https://api.elsevier.com/content/search/scopus?query=all(climate%20change%20global%20warming%20ocean%20atmosphere%20moon)&sort=coverDate&start=1000&count=25&apiKey=3e98ccbfff5ed19b801086b00dfc5e36&view=standard&xml-decode=true&httpAccept=application%2Fxml,1.923820,0.000000
https://api.elsevier.com/content/search/scopus?query=all(climate%20change%20global%20warming%20ocean%20atmosphere%20moon)&sort=coverDate&start=1050&count=25&apiKey=3e98ccbfff5ed19b801086b00dfc5e36&view=standard&xml-decode=true&httpAccept=application%2Fxml,10.254191,0.000000
https://api.elsevier.com/content/search/scopus?query=all(climate%20change%20global%20warming%20ocean%20atmosphere%20moon)&sort=coverDate&start=1500&count=25&apiKey=3e98ccbfff5ed19b801086b00dfc5e36&view=standard&xml-decode=true&httpAccept=application%2Fxml,2.385702,0.000000
https://api.elsevier.com/content/search/scopus?query=all(climate%20change%20global%20warming%20ocean%20atmosphere%20moon)&sort=coverDate&start=700&count=25&apiKey=3e98ccbfff5ed19b801086b00dfc5e36&view=standard&xml-decode=true&httpAccept=application%2Fxml,3.395756,0.000000
https://api.elsevier.com/content/search/scopus?query=all(climate%20change%20global%20warming%20ocean%20atmosphere%20moon)&sort=coverDate&start=1400&count=25&apiKey=3e98ccbfff5ed19b801086b00dfc5e36&view=standard&xml-decode=true&httpAccept=application%2Fxml,2.557992,0.000000
https://api.elsevier.com/content/search/scopus?query=all(climate%20change%20global%20warming%20ocean%20atmosphere%20moon)&sort=coverDate&start=675&count=25&apiKey=3e98ccbfff5ed19b801086b00dfc5e36&view=standard&xml-decode=true&httpAccept=application%2Fxml,10.458038,0.000000
https://api.elsevier.com/content/search/scopus?query=all(climate%20change%20global%20warming%20ocean%20atmosphere%20moon)&sort=coverDate&start=1425&count=25&apiKey=3e98ccbfff5ed19b801086b00dfc5e36&view=standard&xml-decode=true&httpAccept=application%2Fxml,2.569427,0.000000
https://api.elsevier.com/content/search/scopus?query=all(climate%20change%20global%20warming%20ocean%20atmosphere%20moon)&sort=coverDate&start=1225&count=25&apiKey=3e98ccbfff5ed19b801086b00dfc5e36&view=standard&xml-decode=true&httpAccept=application%2Fxml,2.589173,0.000000
https://api.elsevier.com/content/search/scopus?query=all(climate%20change%20global%20warming%20ocean%20atmosphere%20moon)&sort=coverDate&start=1150&count=25&apiKey=3e98ccbfff5ed19b801086b00dfc5e36&view=standard&xml-decode=true&httpAccept=application%2Fxml,2.604862,0.000000
https://api.elsevier.com/content/search/scopus?query=all(climate%20change%20global%20warming%20ocean%20atmosphere%20moon)&sort=coverDate&start=1600&count=25&apiKey=3e98ccbfff5ed19b801086b00dfc5e36&view=standard&xml-decode=true&httpAccept=application%2Fxml,2.163518,0.000000
https://api.elsevier.com/content/search/scopus?query=all(climate%20change%20global%20warming%20ocean%20atmosphere%20moon)&sort=coverDate&start=1450&count=25&apiKey=3e98ccbfff5ed19b801086b00dfc5e36&view=standard&xml-decode=true&httpAccept=application%2Fxml,3.269770,0.000000
https://api.elsevier.com/content/search/scopus?query=all(climate%20change%20global%20warming%20ocean%20atmosphere%20moon)&sort=coverDate&start=1650&count=25&apiKey=3e98ccbfff5ed19b801086b00dfc5e36&view=standard&xml-decode=true&httpAccept=application%2Fxml,2.492776,0.000000
https://api.elsevier.com/content/search/scopus?query=all(climate%20change%20global%20warming%20ocean%20atmosphere%20moon)&sort=coverDate&start=850&count=25&apiKey=3e98ccbfff5ed19b801086b00dfc5e36&view=standard&xml-decode=true&httpAccept=application%2Fxml,2.599691,0.000000
https://api.elsevier.com/content/search/scopus?query=all(climate%20change%20global%20warming%20ocean%20atmosphere%20moon)&sort=coverDate&start=1675&count=25&apiKey=3e98ccbfff5ed19b801086b00dfc5e36&view=standard&xml-decode=true&httpAccept=application%2Fxml,2.602564,0.000000
https://api.elsevier.com/content/search/scopus?query=all(climate%20change%20global%20warming%20ocean%20atmosphere%20moon)&sort=coverDate&start=1525&count=25&apiKey=3e98ccbfff5ed19b801086b00dfc5e36&view=standard&xml-decode=true&httpAccept=application%2Fxml,2.612027,0.000000
https://api.elsevier.com/content/search/scopus?query=all(climate%20change%20global%20warming%20ocean%20atmosphere%20moon)&sort=coverDate&start=525&count=25&apiKey=3e98ccbfff5ed19b801086b00dfc5e36&view=standard&xml-decode=true&httpAccept=application%2Fxml,2.623729,0.000000
https://api.elsevier.com/content/search/scopus?query=all(climate%20change%20global%20warming%20ocean%20atmosphere%20moon)&sort=coverDate&start=425&count=25&apiKey=3e98ccbfff5ed19b801086b00dfc5e36&view=standard&xml-decode=true&httpAccept=application%2Fxml,2.437864,0.000000
https://api.elsevier.com/content/search/scopus?query=all(climate%20change%20global%20warming%20ocean%20atmosphere%20moon)&sort=coverDate&start=1350&count=25&apiKey=3e98ccbfff5ed19b801086b00dfc5e36&view=standard&xml-decode=true&httpAccept=application%2Fxml,1.835352,0.000000
https://api.elsevier.com/content/search/scopus?query=all(climate%20change%20global%20warming%20ocean%20atmosphere%20moon)&sort=coverDate&start=1800&count=25&apiKey=3e98ccbfff5ed19b801086b00dfc5e36&view=standard&xml-decode=true&httpAccept=application%2Fxml,2.522903,0.000000
https://api.elsevier.com/content/search/scopus?query=all(climate%20change%20global%20warming%20ocean%20atmosphere%20moon)&sort=coverDate&start=1325&count=25&apiKey=3e98ccbfff5ed19b801086b00dfc5e36&view=standard&xml-decode=true&httpAccept=application%2Fxml,3.124290,0.000000
https://api.elsevier.com/content/search/scopus?query=all(climate%20change%20global%20warming%20ocean%20atmosphere%20moon)&sort=coverDate&start=1750&count=25&apiKey=3e98ccbfff5ed19b801086b00dfc5e36&view=standard&xml-decode=true&httpAccept=application%2Fxml,3.231098,0.000000
https://api.elsevier.com/content/search/scopus?query=all(climate%20change%20global%20warming%20ocean%20atmosphere%20moon)&sort=coverDate&start=950&count=25&apiKey=3e98ccbfff5ed19b801086b00dfc5e36&view=standard&xml-decode=true&httpAccept=application%2Fxml,3.320426,0.000000
https://api.elsevier.com/content/search/scopus?query=all(climate%20change%20global%20warming%20ocean%20atmosphere%20moon)&sort=coverDate&start=1850&count=25&apiKey=3e98ccbfff5ed19b801086b00dfc5e36&view=standard&xml-decode=true&httpAccept=application%2Fxml,3.326733,0.000000
https://api.elsevier.com/content/search/scopus?query=all(climate%20change%20global%20warming%20ocean%20atmosphere%20moon)&sort=coverDate&start=1925&count=25&apiKey=3e98ccbfff5ed19b801086b00dfc5e36&view=standard&xml-decode=true&httpAccept=application%2Fxml,2.429443,0.000000
https://api.elsevier.com/content/search/scopus?query=all(climate%20change%20global%20warming%20ocean%20atmosphere%20moon)&sort=coverDate&start=1200&count=25&apiKey=3e98ccbfff5ed19b801086b00dfc5e36&view=standard&xml-decode=true&httpAccept=application%2Fxml,2.479653,0.000000
https://api.elsevier.com/content/search/scopus?query=all(climate%20change%20global%20warming%20ocean%20atmosphere%20moon)&sort=coverDate&start=600&count=25&apiKey=3e98ccbfff5ed19b801086b00dfc5e36&view=standard&xml-decode=true&httpAccept=application%2Fxml,2.482693,0.000000
https://api.elsevier.com/content/search/scopus?query=all(climate%20change%20global%20warming%20ocean%20atmosphere%20moon)&sort=coverDate&start=1825&count=25&apiKey=3e98ccbfff5ed19b801086b00dfc5e36&view=standard&xml-decode=true&httpAccept=application%2Fxml,3.513484,0.000000
https://api.elsevier.com/content/search/scopus?query=all(climate%20change%20global%20warming%20ocean%20atmosphere%20moon)&sort=coverDate&start=1125&count=25&apiKey=3e98ccbfff5ed19b801086b00dfc5e36&view=standard&xml-decode=true&httpAccept=application%2Fxml,3.183471,0.000000
https://api.elsevier.com/content/search/scopus?query=all(climate%20change%20global%20warming%20ocean%20atmosphere%20moon)&sort=coverDate&start=2125&count=25&apiKey=3e98ccbfff5ed19b801086b00dfc5e36&view=standard&xml-decode=true&httpAccept=application%2Fxml,2.184293,0.000000
https://api.elsevier.com/content/search/scopus?query=all(climate%20change%20global%20warming%20ocean%20atmosphere%20moon)&sort=coverDate&start=2175&count=25&apiKey=3e98ccbfff5ed19b801086b00dfc5e36&view=standard&xml-decode=true&httpAccept=application%2Fxml,2.235004,0.000000
https://api.elsevier.com/content/search/scopus?query=all(climate%20change%20global%20warming%20ocean%20atmosphere%20moon)&sort=coverDate&start=1725&count=25&apiKey=3e98ccbfff5ed19b801086b00dfc5e36&view=standard&xml-decode=true&httpAccept=application%2Fxml,2.343827,0.000000
https://api.elsevier.com/content/search/scopus?query=all(climate%20change%20global%20warming%20ocean%20atmosphere%20moon)&sort=coverDate&start=2150&count=25&apiKey=3e98ccbfff5ed19b801086b00dfc5e36&view=standard&xml-decode=true&httpAccept=application%2Fxml,2.346500,0.000000
https://api.elsevier.com/content/search/scopus?query=all(climate%20change%20global%20warming%20ocean%20atmosphere%20moon)&sort=coverDate&start=50&count=25&apiKey=3e98ccbfff5ed19b801086b00dfc5e36&view=standard&xml-decode=true&httpAccept=application%2Fxml,3.426823,0.000000
https://api.elsevier.com/content/search/scopus?query=all(climate%20change%20global%20warming%20ocean%20atmosphere%20moon)&sort=coverDate&start=1950&count=25&apiKey=3e98ccbfff5ed19b801086b00dfc5e36&view=standard&xml-decode=true&httpAccept=application%2Fxml,3.390058,0.000000
https://api.elsevier.com/content/search/scopus?query=all(climate%20change%20global%20warming%20ocean%20atmosphere%20moon)&sort=coverDate&start=1975&count=25&apiKey=3e98ccbfff5ed19b801086b00dfc5e36&view=standard&xml-decode=true&httpAccept=application%2Fxml,3.524220,0.000000
https://api.elsevier.com/content/search/scopus?query=all(climate%20change%20global%20warming%20ocean%20atmosphere%20moon)&sort=coverDate&start=2225&count=25&apiKey=3e98ccbfff5ed19b801086b00dfc5e36&view=standard&xml-decode=true&httpAccept=application%2Fxml,3.109590,0.000000
https://api.elsevier.com/content/search/scopus?query=all(climate%20change%20global%20warming%20ocean%20atmosphere%20moon)&sort=coverDate&start=2200&count=25&apiKey=3e98ccbfff5ed19b801086b00dfc5e36&view=standard&xml-decode=true&httpAccept=application%2Fxml,3.209099,0.000000
https://api.elsevier.com/content/search/scopus?query=all(climate%20change%20global%20warming%20ocean%20atmosphere%20moon)&sort=coverDate&start=625&count=25&apiKey=3e98ccbfff5ed19b801086b00dfc5e36&view=standard&xml-decode=true&httpAccept=application%2Fxml,3.417218,0.000000
https://api.elsevier.com/content/search/scopus?query=all(climate%20change%20global%20warming%20ocean%20atmosphere%20moon)&sort=coverDate&start=2275&count=25&apiKey=3e98ccbfff5ed19b801086b00dfc5e36&view=standard&xml-decode=true&httpAccept=application%2Fxml,3.147614,0.000000
https://api.elsevier.com/content/search/scopus?query=all(climate%20change%20global%20warming%20ocean%20atmosphere%20moon)&sort=coverDate&start=1625&count=25&apiKey=3e98ccbfff5ed19b801086b00dfc5e36&view=standard&xml-decode=true&httpAccept=application%2Fxml,3.162548,0.000000
https://api.elsevier.com/content/search/scopus?query=all(climate%20change%20global%20warming%20ocean%20atmosphere%20moon)&sort=coverDate&start=2400&count=25&apiKey=3e98ccbfff5ed19b801086b00dfc5e36&view=standard&xml-decode=true&httpAccept=application%2Fxml,3.198406,0.000000
https://api.elsevier.com/content/search/scopus?query=all(climate%20change%20global%20warming%20ocean%20atmosphere%20moon)&sort=coverDate&start=2100&count=25&apiKey=3e98ccbfff5ed19b801086b00dfc5e36&view=standard&xml-decode=true&httpAccept=application%2Fxml,3.366773,0.000000
https://api.elsevier.com/content/search/scopus?query=all(climate%20change%20global%20warming%20ocean%20atmosphere%20moon)&sort=coverDate&start=2375&count=25&apiKey=3e98ccbfff5ed19b801086b00dfc5e36&view=standard&xml-decode=true&httpAccept=application%2Fxml,3.399254,0.000000
https://api.elsevier.com/content/search/scopus?query=all(climate%20change%20global%20warming%20ocean%20atmosphere%20moon)&sort=coverDate&start=550&count=25&apiKey=3e98ccbfff5ed19b801086b00dfc5e36&view=standard&xml-decode=true&httpAccept=application%2Fxml,2.326528,0.000000
https://api.elsevier.com/content/search/scopus?query=all(climate%20change%20global%20warming%20ocean%20atmosphere%20moon)&sort=coverDate&start=2325&count=25&apiKey=3e98ccbfff5ed19b801086b00dfc5e36&view=standard&xml-decode=true&httpAccept=application%2Fxml,3.965910,0.000000
https://api.elsevier.com/content/search/scopus?query=all(climate%20change%20global%20warming%20ocean%20atmosphere%20moon)&sort=coverDate&start=2350&count=25&apiKey=3e98ccbfff5ed19b801086b00dfc5e36&view=standard&xml-decode=true&httpAccept=application%2Fxml,4.004904,0.000000
https://api.elsevier.com/content/search/scopus?query=all(climate%20change%20global%20warming%20ocean%20atmosphere%20moon)&sort=coverDate&start=2550&count=25&apiKey=3e98ccbfff5ed19b801086b00dfc5e36&view=standard&xml-decode=true&httpAccept=application%2Fxml,3.631160,0.000000
https://api.elsevier.com/content/search/scopus?query=all(climate%20change%20global%20warming%20ocean%20atmosphere%20moon)&sort=coverDate&start=2500&count=25&apiKey=3e98ccbfff5ed19b801086b00dfc5e36&view=standard&xml-decode=true&httpAccept=application%2Fxml,3.523234,0.000000
https://api.elsevier.com/content/search/scopus?query=all(climate%20change%20global%20warming%20ocean%20atmosphere%20moon)&sort=coverDate&start=2575&count=25&apiKey=3e98ccbfff5ed19b801086b00dfc5e36&view=standard&xml-decode=true&httpAccept=application%2Fxml,3.704946,0.000000
https://api.elsevier.com/content/search/scopus?query=all(climate%20change%20global%20warming%20ocean%20atmosphere%20moon)&sort=coverDate&start=2600&count=25&apiKey=3e98ccbfff5ed19b801086b00dfc5e36&view=standard&xml-decode=true&httpAccept=application%2Fxml,3.153378,0.000000
https://api.elsevier.com/content/search/scopus?query=all(climate%20change%20global%20warming%20ocean%20atmosphere%20moon)&sort=coverDate&start=2450&count=25&apiKey=3e98ccbfff5ed19b801086b00dfc5e36&view=standard&xml-decode=true&httpAccept=application%2Fxml,4.176359,0.000000
https://api.elsevier.com/content/search/scopus?query=all(climate%20change%20global%20warming%20ocean%20atmosphere%20moon)&sort=coverDate&start=2650&count=25&apiKey=3e98ccbfff5ed19b801086b00dfc5e36&view=standard&xml-decode=true&httpAccept=application%2Fxml,3.241753,0.000000
https://api.elsevier.com/content/search/scopus?query=all(climate%20change%20global%20warming%20ocean%20atmosphere%20moon)&sort=coverDate&start=2525&count=25&apiKey=3e98ccbfff5ed19b801086b00dfc5e36&view=standard&xml-decode=true&httpAccept=application%2Fxml,3.259617,0.000000
https://api.elsevier.com/content/search/scopus?query=all(climate%20change%20global%20warming%20ocean%20atmosphere%20moon)&sort=coverDate&start=2675&count=25&apiKey=3e98ccbfff5ed19b801086b00dfc5e36&view=standard&xml-decode=true&httpAccept=application%2Fxml,3.370269,0.000000
https://api.elsevier.com/content/search/scopus?query=all(climate%20change%20global%20warming%20ocean%20atmosphere%20moon)&sort=coverDate&start=1875&count=25&apiKey=3e98ccbfff5ed19b801086b00dfc5e36&view=standard&xml-decode=true&httpAccept=application%2Fxml,4.378516,0.000000
https://api.elsevier.com/content/search/scopus?query=all(climate%20change%20global%20warming%20ocean%20atmosphere%20moon)&sort=coverDate&start=1300&count=25&apiKey=3e98ccbfff5ed19b801086b00dfc5e36&view=standard&xml-decode=true&httpAccept=application%2Fxml,2.515175,0.000000
https://api.elsevier.com/content/search/scopus?query=all(climate%20change%20global%20warming%20ocean%20atmosphere%20moon)&sort=coverDate&start=750&count=25&apiKey=3e98ccbfff5ed19b801086b00dfc5e36&view=standard&xml-decode=true&httpAccept=application%2Fxml,3.549404,0.000000
https://api.elsevier.com/content/search/scopus?query=all(climate%20change%20global%20warming%20ocean%20atmosphere%20moon)&sort=coverDate&start=1575&count=25&apiKey=3e98ccbfff5ed19b801086b00dfc5e36&view=standard&xml-decode=true&httpAccept=application%2Fxml,3.604385,0.000000
https://api.elsevier.com/content/search/scopus?query=all(climate%20change%20global%20warming%20ocean%20atmosphere%20moon)&sort=coverDate&start=2425&count=25&apiKey=3e98ccbfff5ed19b801086b00dfc5e36&view=standard&xml-decode=true&httpAccept=application%2Fxml,4.523808,0.000000
https://api.elsevier.com/content/search/scopus?query=all(climate%20change%20global%20warming%20ocean%20atmosphere%20moon)&sort=coverDate&start=2000&count=25&apiKey=3e98ccbfff5ed19b801086b00dfc5e36&view=standard&xml-decode=true&httpAccept=application%2Fxml,3.215092,0.000000
https://api.elsevier.com/content/search/scopus?query=all(climate%20change%20global%20warming%20ocean%20atmosphere%20moon)&sort=coverDate&start=2925&count=25&apiKey=3e98ccbfff5ed19b801086b00dfc5e36&view=standard&xml-decode=true&httpAccept=application%2Fxml,3.279727,0.000000
https://api.elsevier.com/content/search/scopus?query=all(climate%20change%20global%20warming%20ocean%20atmosphere%20moon)&sort=coverDate&start=2825&count=25&apiKey=3e98ccbfff5ed19b801086b00dfc5e36&view=standard&xml-decode=true&httpAccept=application%2Fxml,3.300803,0.000000
https://api.elsevier.com/content/search/scopus?query=all(climate%20change%20global%20warming%20ocean%20atmosphere%20moon)&sort=coverDate&start=2900&count=25&apiKey=3e98ccbfff5ed19b801086b00dfc5e36&view=standard&xml-decode=true&httpAccept=application%2Fxml,3.321811,0.000000
https://api.elsevier.com/content/search/scopus?query=all(climate%20change%20global%20warming%20ocean%20atmosphere%20moon)&sort=coverDate&start=900&count=25&apiKey=3e98ccbfff5ed19b801086b00dfc5e36&view=standard&xml-decode=true&httpAccept=application%2Fxml,2.476865,0.000000
https://api.elsevier.com/content/search/scopus?query=all(climate%20change%20global%20warming%20ocean%20atmosphere%20moon)&sort=coverDate&start=325&count=25&apiKey=3e98ccbfff5ed19b801086b00dfc5e36&view=standard&xml-decode=true&httpAccept=application%2Fxml,2.480763,0.000000
https://api.elsevier.com/content/search/scopus?query=all(climate%20change%20global%20warming%20ocean%20atmosphere%20moon)&sort=coverDate&start=300&count=25&apiKey=3e98ccbfff5ed19b801086b00dfc5e36&view=standard&xml-decode=true&httpAccept=application%2Fxml,2.575079,0.000000
https://api.elsevier.com/content/search/scopus?query=all(climate%20change%20global%20warming%20ocean%20atmosphere%20moon)&sort=coverDate&start=2850&count=25&apiKey=3e98ccbfff5ed19b801086b00dfc5e36&view=standard&xml-decode=true&httpAccept=application%2Fxml,3.582897,0.000000
https://api.elsevier.com/content/search/scopus?query=all(climate%20change%20global%20warming%20ocean%20atmosphere%20moon)&sort=coverDate&start=2300&count=25&apiKey=3e98ccbfff5ed19b801086b00dfc5e36&view=standard&xml-decode=true&httpAccept=application%2Fxml,2.595167,0.000000
https://api.elsevier.com/content/search/scopus?query=all(climate%20change%20global%20warming%20ocean%20atmosphere%20moon)&sort=coverDate&start=2700&count=25&apiKey=3e98ccbfff5ed19b801086b00dfc5e36&view=standard&xml-decode=true&httpAccept=application%2Fxml,4.379318,0.000000
https://api.elsevier.com/content/search/scopus?query=all(climate%20change%20global%20warming%20ocean%20atmosphere%20moon)&sort=coverDate&start=1375&count=25&apiKey=3e98ccbfff5ed19b801086b00dfc5e36&view=standard&xml-decode=true&httpAccept=application%2Fxml,2.447368,0.000000
https://api.elsevier.com/content/search/scopus?query=all(climate%20change%20global%20warming%20ocean%20atmosphere%20moon)&sort=coverDate&start=475&count=25&apiKey=3e98ccbfff5ed19b801086b00dfc5e36&view=standard&xml-decode=true&httpAccept=application%2Fxml,2.652406,0.000000
https://api.elsevier.com/content/search/scopus?query=all(climate%20change%20global%20warming%20ocean%20atmosphere%20moon)&sort=coverDate&start=2875&count=25&apiKey=3e98ccbfff5ed19b801086b00dfc5e36&view=standard&xml-decode=true&httpAccept=application%2Fxml,3.961086,0.000000
https://api.elsevier.com/content/search/scopus?query=all(climate%20change%20global%20warming%20ocean%20atmosphere%20moon)&sort=coverDate&start=3175&count=25&apiKey=3e98ccbfff5ed19b801086b00dfc5e36&view=standard&xml-decode=true&httpAccept=application%2Fxml,2.290436,0.000000
https://api.elsevier.com/content/search/scopus?query=all(climate%20change%20global%20warming%20ocean%20atmosphere%20moon)&sort=coverDate&start=2050&count=25&apiKey=3e98ccbfff5ed19b801086b00dfc5e36&view=standard&xml-decode=true&httpAccept=application%2Fxml,2.629750,0.000000
https://api.elsevier.com/content/search/scopus?query=all(climate%20change%20global%20warming%20ocean%20atmosphere%20moon)&sort=coverDate&start=2075&count=25&apiKey=3e98ccbfff5ed19b801086b00dfc5e36&view=standard&xml-decode=true&httpAccept=application%2Fxml,2.845142,0.000000
https://api.elsevier.com/content/search/scopus?query=all(climate%20change%20global%20warming%20ocean%20atmosphere%20moon)&sort=coverDate&start=3275&count=25&apiKey=3e98ccbfff5ed19b801086b00dfc5e36&view=standard&xml-decode=true&httpAccept=application%2Fxml,2.898274,0.000000
https://api.elsevier.com/content/search/scopus?query=all(climate%20change%20global%20warming%20ocean%20atmosphere%20moon)&sort=coverDate&start=3225&count=25&apiKey=3e98ccbfff5ed19b801086b00dfc5e36&view=standard&xml-decode=true&httpAccept=application%2Fxml,3.117769,0.000000
https://api.elsevier.com/content/search/scopus?query=all(climate%20change%20global%20warming%20ocean%20atmosphere%20moon)&sort=coverDate&start=3375&count=25&apiKey=3e98ccbfff5ed19b801086b00dfc5e36&view=standard&xml-decode=true&httpAccept=application%2Fxml,2.144258,0.000000
https://api.elsevier.com/content/search/scopus?query=all(climate%20change%20global%20warming%20ocean%20atmosphere%20moon)&sort=coverDate&start=2750&count=25&apiKey=3e98ccbfff5ed19b801086b00dfc5e36&view=standard&xml-decode=true&httpAccept=application%2Fxml,4.250570,0.000000
https://api.elsevier.com/content/search/scopus?query=all(climate%20change%20global%20warming%20ocean%20atmosphere%20moon)&sort=coverDate&start=3250&count=25&apiKey=3e98ccbfff5ed19b801086b00dfc5e36&view=standard&xml-decode=true&httpAccept=application%2Fxml,3.273740,0.000000
https://api.elsevier.com/content/search/scopus?query=all(climate%20change%20global%20warming%20ocean%20atmosphere%20moon)&sort=coverDate&start=3425&count=25&apiKey=3e98ccbfff5ed19b801086b00dfc5e36&view=standard&xml-decode=true&httpAccept=application%2Fxml,2.272128,0.000000
https://api.elsevier.com/content/search/scopus?query=all(climate%20change%20global%20warming%20ocean%20atmosphere%20moon)&sort=coverDate&start=2475&count=25&apiKey=3e98ccbfff5ed19b801086b00dfc5e36&view=standard&xml-decode=true&httpAccept=application%2Fxml,4.142707,0.000000
https://api.elsevier.com/content/search/scopus?query=all(climate%20change%20global%20warming%20ocean%20atmosphere%20moon)&sort=coverDate&start=3400&count=25&apiKey=3e98ccbfff5ed19b801086b00dfc5e36&view=standard&xml-decode=true&httpAccept=application%2Fxml,3.307340,0.000000
https://api.elsevier.com/content/search/scopus?query=all(climate%20change%20global%20warming%20ocean%20atmosphere%20moon)&sort=coverDate&start=1025&count=25&apiKey=3e98ccbfff5ed19b801086b00dfc5e36&view=standard&xml-decode=true&httpAccept=application%2Fxml,2.339971,0.000000
https://api.elsevier.com/content/search/scopus?query=all(climate%20change%20global%20warming%20ocean%20atmosphere%20moon)&sort=coverDate&start=775&count=25&apiKey=3e98ccbfff5ed19b801086b00dfc5e36&view=standard&xml-decode=true&httpAccept=application%2Fxml,2.402956,0.000000
https://api.elsevier.com/content/search/scopus?query=all(climate%20change%20global%20warming%20ocean%20atmosphere%20moon)&sort=coverDate&start=1550&count=25&apiKey=3e98ccbfff5ed19b801086b00dfc5e36&view=standard&xml-decode=true&httpAccept=application%2Fxml,3.496396,0.000000
https://api.elsevier.com/content/search/scopus?query=all(climate%20change%20global%20warming%20ocean%20atmosphere%20moon)&sort=coverDate&start=1175&count=25&apiKey=3e98ccbfff5ed19b801086b00dfc5e36&view=standard&xml-decode=true&httpAccept=application%2Fxml,2.087798,0.000000
https://api.elsevier.com/content/search/scopus?query=all(climate%20change%20global%20warming%20ocean%20atmosphere%20moon)&sort=coverDate&start=3325&count=25&apiKey=3e98ccbfff5ed19b801086b00dfc5e36&view=standard&xml-decode=true&httpAccept=application%2Fxml,3.317932,0.000000
https://api.elsevier.com/content/search/scopus?query=all(climate%20change%20global%20warming%20ocean%20atmosphere%20moon)&sort=coverDate&start=2775&count=25&apiKey=3e98ccbfff5ed19b801086b00dfc5e36&view=standard&xml-decode=true&httpAccept=application%2Fxml,3.565182,0.000000
https://api.elsevier.com/content/search/scopus?query=all(climate%20change%20global%20warming%20ocean%20atmosphere%20moon)&sort=coverDate&start=2725&count=25&apiKey=3e98ccbfff5ed19b801086b00dfc5e36&view=standard&xml-decode=true&httpAccept=application%2Fxml,3.666034,0.000000
https://api.elsevier.com/content/search/scopus?query=all(climate%20change%20global%20warming%20ocean%20atmosphere%20moon)&sort=coverDate&start=2800&count=25&apiKey=3e98ccbfff5ed19b801086b00dfc5e36&view=standard&xml-decode=true&httpAccept=application%2Fxml,1.860918,0.000000
https://api.elsevier.com/content/search/scopus?query=all(climate%20change%20global%20warming%20ocean%20atmosphere%20moon)&sort=coverDate&start=2625&count=25&apiKey=3e98ccbfff5ed19b801086b00dfc5e36&view=standard&xml-decode=true&httpAccept=application%2Fxml,2.272096,0.000000
https://api.elsevier.com/content/search/scopus?query=all(climate%20change%20global%20warming%20ocean%20atmosphere%20moon)&sort=coverDate&start=3200&count=25&apiKey=3e98ccbfff5ed19b801086b00dfc5e36&view=standard&xml-decode=true&httpAccept=application%2Fxml,2.375381,0.000000
https://api.elsevier.com/content/search/scopus?query=all(climate%20change%20global%20warming%20ocean%20atmosphere%20moon)&sort=coverDate&start=1775&count=25&apiKey=3e98ccbfff5ed19b801086b00dfc5e36&view=standard&xml-decode=true&httpAccept=application%2Fxml,2.379576,0.000000
https://api.elsevier.com/content/search/scopus?query=all(climate%20change%20global%20warming%20ocean%20atmosphere%20moon)&sort=coverDate&start=3100&count=25&apiKey=3e98ccbfff5ed19b801086b00dfc5e36&view=standard&xml-decode=true&httpAccept=application%2Fxml,3.984810,0.000000
https://api.elsevier.com/content/search/scopus?query=all(climate%20change%20global%20warming%20ocean%20atmosphere%20moon)&sort=coverDate&start=1700&count=25&apiKey=3e98ccbfff5ed19b801086b00dfc5e36&view=standard&xml-decode=true&httpAccept=application%2Fxml,2.110771,0.000000
https://api.elsevier.com/content/search/scopus?query=all(climate%20change%20global%20warming%20ocean%20atmosphere%20moon)&sort=coverDate&start=1900&count=25&apiKey=3e98ccbfff5ed19b801086b00dfc5e36&view=standard&xml-decode=true&httpAccept=application%2Fxml,4.174802,0.000000
https://api.elsevier.com/content/search/scopus?query=all(climate%20change%20global%20warming%20ocean%20atmosphere%20moon)&sort=coverDate&start=450&count=25&apiKey=3e98ccbfff5ed19b801086b00dfc5e36&view=standard&xml-decode=true&httpAccept=application%2Fxml,2.226558,0.000000
https://api.elsevier.com/content/search/scopus?query=all(climate%20change%20global%20warming%20ocean%20atmosphere%20moon)&sort=coverDate&start=3350&count=25&apiKey=3e98ccbfff5ed19b801086b00dfc5e36&view=standard&xml-decode=true&httpAccept=application%2Fxml,4.383746,0.000000
https://api.elsevier.com/content/search/scopus?query=all(climate%20change%20global%20warming%20ocean%20atmosphere%20moon)&sort=coverDate&start=3450&count=25&apiKey=3e98ccbfff5ed19b801086b00dfc5e36&view=standard&xml-decode=true&httpAccept=application%2Fxml,4.487764,0.000000
https://api.elsevier.com/content/search/scopus?query=all(climate%20change%20global%20warming%20ocean%20atmosphere%20moon)&sort=coverDate&start=2975&count=25&apiKey=3e98ccbfff5ed19b801086b00dfc5e36&view=standard&xml-decode=true&httpAccept=application%2Fxml,2.562692,0.000000
https://api.elsevier.com/content/search/scopus?query=all(climate%20change%20global%20warming%20ocean%20atmosphere%20moon)&sort=coverDate&start=3000&count=25&apiKey=3e98ccbfff5ed19b801086b00dfc5e36&view=standard&xml-decode=true&httpAccept=application%2Fxml,2.112091,0.000000
https://api.elsevier.com/content/search/scopus?query=all(climate%20change%20global%20warming%20ocean%20atmosphere%20moon)&sort=coverDate&start=800&count=25&apiKey=3e98ccbfff5ed19b801086b00dfc5e36&view=standard&xml-decode=true&httpAccept=application%2Fxml,4.137429,0.000000
https://api.elsevier.com/content/search/scopus?query=all(climate%20change%20global%20warming%20ocean%20atmosphere%20moon)&sort=coverDate&start=400&count=25&apiKey=3e98ccbfff5ed19b801086b00dfc5e36&view=standard&xml-decode=true&httpAccept=application%2Fxml,2.329305,0.000000
https://api.elsevier.com/content/search/scopus?query=all(climate%20change%20global%20warming%20ocean%20atmosphere%20moon)&sort=coverDate&start=3025&count=25&apiKey=3e98ccbfff5ed19b801086b00dfc5e36&view=standard&xml-decode=true&httpAccept=application%2Fxml,3.457831,0.000000
https://api.elsevier.com/content/search/scopus?query=all(climate%20change%20global%20warming%20ocean%20atmosphere%20moon)&sort=coverDate&start=3050&count=25&apiKey=3e98ccbfff5ed19b801086b00dfc5e36&view=standard&xml-decode=true&httpAccept=application%2Fxml,1.965034,0.000000
https://api.elsevier.com/content/search/scopus?query=all(climate%20change%20global%20warming%20ocean%20atmosphere%20moon)&sort=coverDate&start=2250&count=25&apiKey=3e98ccbfff5ed19b801086b00dfc5e36&view=standard&xml-decode=true&httpAccept=application%2Fxml,3.194842,0.000000
https://api.elsevier.com/content/search/scopus?query=all(climate%20change%20global%20warming%20ocean%20atmosphere%20moon)&sort=coverDate&start=2950&count=25&apiKey=3e98ccbfff5ed19b801086b00dfc5e36&view=standard&xml-decode=true&httpAccept=application%2Fxml,4.603690,0.000000
https://api.elsevier.com/content/search/scopus?query=all(climate%20change%20global%20warming%20ocean%20atmosphere%20moon)&sort=coverDate&start=3125&count=25&apiKey=3e98ccbfff5ed19b801086b00dfc5e36&view=standard&xml-decode=true&httpAccept=application%2Fxml,2.948790,0.000000
https://api.elsevier.com/content/search/scopus?query=all(climate%20change%20global%20warming%20ocean%20atmosphere%20moon)&sort=coverDate&start=2025&count=25&apiKey=3e98ccbfff5ed19b801086b00dfc5e36&view=standard&xml-decode=true&httpAccept=application%2Fxml,3.974688,0.000000
https://api.elsevier.com/content/search/scopus?query=all(climate%20change%20global%20warming%20ocean%20atmosphere%20moon)&sort=coverDate&start=1475&count=25&apiKey=3e98ccbfff5ed19b801086b00dfc5e36&view=standard&xml-decode=true&httpAccept=application%2Fxml,3.122019,0.000000
https://api.elsevier.com/content/search/scopus?query=all(climate%20change%20global%20warming%20ocean%20atmosphere%20moon)&sort=coverDate&start=3075&count=25&apiKey=3e98ccbfff5ed19b801086b00dfc5e36&view=standard&xml-decode=true&httpAccept=application%2Fxml,4.133543,0.000000
https://api.elsevier.com/content/search/scopus?query=all(climate%20change%20global%20warming%20ocean%20atmosphere%20moon)&sort=coverDate&start=3150&count=25&apiKey=3e98ccbfff5ed19b801086b00dfc5e36&view=standard&xml-decode=true&httpAccept=application%2Fxml,3.295591,0.000000
https://api.elsevier.com/content/search/scopus?query=all(climate%20change%20global%20warming%20ocean%20atmosphere%20moon)&sort=coverDate&start=3300&count=25&apiKey=3e98ccbfff5ed19b801086b00dfc5e36&view=standard&xml-decode=true&httpAccept=application%2Fxml,6.287576,0.000000
