FILENAME, REQUEST TIME(sec), REQUEST TIME(sec)https://api.elsevier.com/content/search/scopus?query=all(climate%20change%20global%20warming%20ocean%20atmosphere%20moon)&sort=coverDate&start=925&count=25&apiKey=3e98ccbfff5ed19b801086b00dfc5e36&view=standard&xml-decode=true&httpAccept=application%2Fxml,0.362365,0.000000
https://api.elsevier.com/content/search/scopus?query=all(climate%20change%20global%20warming%20ocean%20atmosphere%20moon)&sort=coverDate&start=950&count=25&apiKey=3e98ccbfff5ed19b801086b00dfc5e36&view=standard&xml-decode=true&httpAccept=application%2Fxml,0.377124,0.000000
https://api.elsevier.com/content/search/scopus?query=all(climate%20change%20global%20warming%20ocean%20atmosphere%20moon)&sort=coverDate&start=900&count=25&apiKey=3e98ccbfff5ed19b801086b00dfc5e36&view=standard&xml-decode=true&httpAccept=application%2Fxml,0.379369,0.000000
https://api.elsevier.com/content/search/scopus?query=all(climate%20change%20global%20warming%20ocean%20atmosphere%20moon)&sort=coverDate&start=875&count=25&apiKey=3e98ccbfff5ed19b801086b00dfc5e36&view=standard&xml-decode=true&httpAccept=application%2Fxml,0.380936,0.000000
https://api.elsevier.com/content/search/scopus?query=all(climate%20change%20global%20warming%20ocean%20atmosphere%20moon)&sort=coverDate&start=850&count=25&apiKey=3e98ccbfff5ed19b801086b00dfc5e36&view=standard&xml-decode=true&httpAccept=application%2Fxml,0.378987,0.000000
https://api.elsevier.com/content/search/scopus?query=all(climate%20change%20global%20warming%20ocean%20atmosphere%20moon)&sort=coverDate&start=50&count=25&apiKey=3e98ccbfff5ed19b801086b00dfc5e36&view=standard&xml-decode=true&httpAccept=application%2Fxml,8.642981,0.000000
https://api.elsevier.com/content/search/scopus?query=all(climate%20change%20global%20warming%20ocean%20atmosphere%20moon)&sort=coverDate&start=575&count=25&apiKey=3e98ccbfff5ed19b801086b00dfc5e36&view=standard&xml-decode=true&httpAccept=application%2Fxml,2.163502,0.000000
https://api.elsevier.com/content/search/scopus?query=all(climate%20change%20global%20warming%20ocean%20atmosphere%20moon)&sort=coverDate&start=975&count=25&apiKey=3e98ccbfff5ed19b801086b00dfc5e36&view=standard&xml-decode=true&httpAccept=application%2Fxml,2.238507,0.000000
https://api.elsevier.com/content/search/scopus?query=all(climate%20change%20global%20warming%20ocean%20atmosphere%20moon)&sort=coverDate&start=125&count=25&apiKey=3e98ccbfff5ed19b801086b00dfc5e36&view=standard&xml-decode=true&httpAccept=application%2Fxml,10.062356,0.000000
https://api.elsevier.com/content/search/scopus?query=all(climate%20change%20global%20warming%20ocean%20atmosphere%20moon)&sort=coverDate&start=325&count=25&apiKey=3e98ccbfff5ed19b801086b00dfc5e36&view=standard&xml-decode=true&httpAccept=application%2Fxml,9.665047,0.000000
https://api.elsevier.com/content/search/scopus?query=all(climate%20change%20global%20warming%20ocean%20atmosphere%20moon)&sort=coverDate&start=25&count=25&apiKey=3e98ccbfff5ed19b801086b00dfc5e36&view=standard&xml-decode=true&httpAccept=application%2Fxml,0.937470,0.000000
https://api.elsevier.com/content/search/scopus?query=all(climate%20change%20global%20warming%20ocean%20atmosphere%20moon)&sort=coverDate&start=250&count=25&apiKey=3e98ccbfff5ed19b801086b00dfc5e36&view=standard&xml-decode=true&httpAccept=application%2Fxml,10.048857,0.000000
https://api.elsevier.com/content/search/scopus?query=all(climate%20change%20global%20warming%20ocean%20atmosphere%20moon)&sort=coverDate&start=175&count=25&apiKey=3e98ccbfff5ed19b801086b00dfc5e36&view=standard&xml-decode=true&httpAccept=application%2Fxml,10.312586,0.000000
https://api.elsevier.com/content/search/scopus?query=all(climate%20change%20global%20warming%20ocean%20atmosphere%20moon)&sort=coverDate&start=225&count=25&apiKey=3e98ccbfff5ed19b801086b00dfc5e36&view=standard&xml-decode=true&httpAccept=application%2Fxml,10.333225,0.000000
https://api.elsevier.com/content/search/scopus?query=all(climate%20change%20global%20warming%20ocean%20atmosphere%20moon)&sort=coverDate&start=200&count=25&apiKey=3e98ccbfff5ed19b801086b00dfc5e36&view=standard&xml-decode=true&httpAccept=application%2Fxml,10.416950,0.000000
https://api.elsevier.com/content/search/scopus?query=all(climate%20change%20global%20warming%20ocean%20atmosphere%20moon)&sort=coverDate&start=1075&count=25&apiKey=3e98ccbfff5ed19b801086b00dfc5e36&view=standard&xml-decode=true&httpAccept=application%2Fxml,2.613395,0.000000
https://api.elsevier.com/content/search/scopus?query=all(climate%20change%20global%20warming%20ocean%20atmosphere%20moon)&sort=coverDate&start=150&count=25&apiKey=3e98ccbfff5ed19b801086b00dfc5e36&view=standard&xml-decode=true&httpAccept=application%2Fxml,2.519122,0.000000
https://api.elsevier.com/content/search/scopus?query=all(climate%20change%20global%20warming%20ocean%20atmosphere%20moon)&sort=coverDate&start=500&count=25&apiKey=3e98ccbfff5ed19b801086b00dfc5e36&view=standard&xml-decode=true&httpAccept=application%2Fxml,2.535930,0.000000
https://api.elsevier.com/content/search/scopus?query=all(climate%20change%20global%20warming%20ocean%20atmosphere%20moon)&sort=coverDate&start=1325&count=25&apiKey=3e98ccbfff5ed19b801086b00dfc5e36&view=standard&xml-decode=true&httpAccept=application%2Fxml,1.796838,0.000000
https://api.elsevier.com/content/search/scopus?query=all(climate%20change%20global%20warming%20ocean%20atmosphere%20moon)&sort=coverDate&start=300&count=25&apiKey=3e98ccbfff5ed19b801086b00dfc5e36&view=standard&xml-decode=true&httpAccept=application%2Fxml,1.902088,0.000000
https://api.elsevier.com/content/search/scopus?query=all(climate%20change%20global%20warming%20ocean%20atmosphere%20moon)&sort=coverDate&start=1000&count=25&apiKey=3e98ccbfff5ed19b801086b00dfc5e36&view=standard&xml-decode=true&httpAccept=application%2Fxml,3.174688,0.000000
https://api.elsevier.com/content/search/scopus?query=all(climate%20change%20global%20warming%20ocean%20atmosphere%20moon)&sort=coverDate&start=350&count=25&apiKey=3e98ccbfff5ed19b801086b00dfc5e36&view=standard&xml-decode=true&httpAccept=application%2Fxml,3.236597,0.000000
https://api.elsevier.com/content/search/scopus?query=all(climate%20change%20global%20warming%20ocean%20atmosphere%20moon)&sort=coverDate&start=275&count=25&apiKey=3e98ccbfff5ed19b801086b00dfc5e36&view=standard&xml-decode=true&httpAccept=application%2Fxml,3.271635,0.000000
https://api.elsevier.com/content/search/scopus?query=all(climate%20change%20global%20warming%20ocean%20atmosphere%20moon)&sort=coverDate&start=1050&count=25&apiKey=3e98ccbfff5ed19b801086b00dfc5e36&view=standard&xml-decode=true&httpAccept=application%2Fxml,3.314931,0.000000
https://api.elsevier.com/content/search/scopus?query=all(climate%20change%20global%20warming%20ocean%20atmosphere%20moon)&sort=coverDate&start=1350&count=25&apiKey=3e98ccbfff5ed19b801086b00dfc5e36&view=standard&xml-decode=true&httpAccept=application%2Fxml,1.698972,0.000000
https://api.elsevier.com/content/search/scopus?query=all(climate%20change%20global%20warming%20ocean%20atmosphere%20moon)&sort=coverDate&start=0&count=25&apiKey=3e98ccbfff5ed19b801086b00dfc5e36&view=standard&xml-decode=true&httpAccept=application%2Fxml,1.107675,0.000000
https://api.elsevier.com/content/search/scopus?query=all(climate%20change%20global%20warming%20ocean%20atmosphere%20moon)&sort=coverDate&start=800&count=25&apiKey=3e98ccbfff5ed19b801086b00dfc5e36&view=standard&xml-decode=true&httpAccept=application%2Fxml,2.122731,0.000000
https://api.elsevier.com/content/search/scopus?query=all(climate%20change%20global%20warming%20ocean%20atmosphere%20moon)&sort=coverDate&start=825&count=25&apiKey=3e98ccbfff5ed19b801086b00dfc5e36&view=standard&xml-decode=true&httpAccept=application%2Fxml,2.127254,0.000000
https://api.elsevier.com/content/search/scopus?query=all(climate%20change%20global%20warming%20ocean%20atmosphere%20moon)&sort=coverDate&start=1225&count=25&apiKey=3e98ccbfff5ed19b801086b00dfc5e36&view=standard&xml-decode=true&httpAccept=application%2Fxml,3.253576,0.000000
https://api.elsevier.com/content/search/scopus?query=all(climate%20change%20global%20warming%20ocean%20atmosphere%20moon)&sort=coverDate&start=1300&count=25&apiKey=3e98ccbfff5ed19b801086b00dfc5e36&view=standard&xml-decode=true&httpAccept=application%2Fxml,3.530849,0.000000
https://api.elsevier.com/content/search/scopus?query=all(climate%20change%20global%20warming%20ocean%20atmosphere%20moon)&sort=coverDate&start=1475&count=25&apiKey=3e98ccbfff5ed19b801086b00dfc5e36&view=standard&xml-decode=true&httpAccept=application%2Fxml,1.692268,0.000000
https://api.elsevier.com/content/search/scopus?query=all(climate%20change%20global%20warming%20ocean%20atmosphere%20moon)&sort=coverDate&start=1275&count=25&apiKey=3e98ccbfff5ed19b801086b00dfc5e36&view=standard&xml-decode=true&httpAccept=application%2Fxml,4.147220,0.000000
https://api.elsevier.com/content/search/scopus?query=all(climate%20change%20global%20warming%20ocean%20atmosphere%20moon)&sort=coverDate&start=550&count=25&apiKey=3e98ccbfff5ed19b801086b00dfc5e36&view=standard&xml-decode=true&httpAccept=application%2Fxml,4.224742,0.000000
https://api.elsevier.com/content/search/scopus?query=all(climate%20change%20global%20warming%20ocean%20atmosphere%20moon)&sort=coverDate&start=750&count=25&apiKey=3e98ccbfff5ed19b801086b00dfc5e36&view=standard&xml-decode=true&httpAccept=application%2Fxml,3.471031,0.000000
https://api.elsevier.com/content/search/scopus?query=all(climate%20change%20global%20warming%20ocean%20atmosphere%20moon)&sort=coverDate&start=1025&count=25&apiKey=3e98ccbfff5ed19b801086b00dfc5e36&view=standard&xml-decode=true&httpAccept=application%2Fxml,3.349228,0.000000
https://api.elsevier.com/content/search/scopus?query=all(climate%20change%20global%20warming%20ocean%20atmosphere%20moon)&sort=coverDate&start=1675&count=25&apiKey=3e98ccbfff5ed19b801086b00dfc5e36&view=standard&xml-decode=true&httpAccept=application%2Fxml,2.342994,0.000000
https://api.elsevier.com/content/search/scopus?query=all(climate%20change%20global%20warming%20ocean%20atmosphere%20moon)&sort=coverDate&start=1575&count=25&apiKey=3e98ccbfff5ed19b801086b00dfc5e36&view=standard&xml-decode=true&httpAccept=application%2Fxml,2.351670,0.000000
https://api.elsevier.com/content/search/scopus?query=all(climate%20change%20global%20warming%20ocean%20atmosphere%20moon)&sort=coverDate&start=475&count=25&apiKey=3e98ccbfff5ed19b801086b00dfc5e36&view=standard&xml-decode=true&httpAccept=application%2Fxml,3.367688,0.000000
https://api.elsevier.com/content/search/scopus?query=all(climate%20change%20global%20warming%20ocean%20atmosphere%20moon)&sort=coverDate&start=1650&count=25&apiKey=3e98ccbfff5ed19b801086b00dfc5e36&view=standard&xml-decode=true&httpAccept=application%2Fxml,2.852332,0.000000
https://api.elsevier.com/content/search/scopus?query=all(climate%20change%20global%20warming%20ocean%20atmosphere%20moon)&sort=coverDate&start=1175&count=25&apiKey=3e98ccbfff5ed19b801086b00dfc5e36&view=standard&xml-decode=true&httpAccept=application%2Fxml,3.980116,0.000000
https://api.elsevier.com/content/search/scopus?query=all(climate%20change%20global%20warming%20ocean%20atmosphere%20moon)&sort=coverDate&start=600&count=25&apiKey=3e98ccbfff5ed19b801086b00dfc5e36&view=standard&xml-decode=true&httpAccept=application%2Fxml,3.252053,0.000000
https://api.elsevier.com/content/search/scopus?query=all(climate%20change%20global%20warming%20ocean%20atmosphere%20moon)&sort=coverDate&start=650&count=25&apiKey=3e98ccbfff5ed19b801086b00dfc5e36&view=standard&xml-decode=true&httpAccept=application%2Fxml,3.567807,0.000000
https://api.elsevier.com/content/search/scopus?query=all(climate%20change%20global%20warming%20ocean%20atmosphere%20moon)&sort=coverDate&start=1500&count=25&apiKey=3e98ccbfff5ed19b801086b00dfc5e36&view=standard&xml-decode=true&httpAccept=application%2Fxml,2.658272,0.000000
https://api.elsevier.com/content/search/scopus?query=all(climate%20change%20global%20warming%20ocean%20atmosphere%20moon)&sort=coverDate&start=1825&count=25&apiKey=3e98ccbfff5ed19b801086b00dfc5e36&view=standard&xml-decode=true&httpAccept=application%2Fxml,2.855054,0.000000
https://api.elsevier.com/content/search/scopus?query=all(climate%20change%20global%20warming%20ocean%20atmosphere%20moon)&sort=coverDate&start=1625&count=25&apiKey=3e98ccbfff5ed19b801086b00dfc5e36&view=standard&xml-decode=true&httpAccept=application%2Fxml,2.887374,0.000000
https://api.elsevier.com/content/search/scopus?query=all(climate%20change%20global%20warming%20ocean%20atmosphere%20moon)&sort=coverDate&start=1850&count=25&apiKey=3e98ccbfff5ed19b801086b00dfc5e36&view=standard&xml-decode=true&httpAccept=application%2Fxml,3.107617,0.000000
https://api.elsevier.com/content/search/scopus?query=all(climate%20change%20global%20warming%20ocean%20atmosphere%20moon)&sort=coverDate&start=1375&count=25&apiKey=3e98ccbfff5ed19b801086b00dfc5e36&view=standard&xml-decode=true&httpAccept=application%2Fxml,3.108846,0.000000
https://api.elsevier.com/content/search/scopus?query=all(climate%20change%20global%20warming%20ocean%20atmosphere%20moon)&sort=coverDate&start=1775&count=25&apiKey=3e98ccbfff5ed19b801086b00dfc5e36&view=standard&xml-decode=true&httpAccept=application%2Fxml,3.377545,0.000000
https://api.elsevier.com/content/search/scopus?query=all(climate%20change%20global%20warming%20ocean%20atmosphere%20moon)&sort=coverDate&start=1250&count=25&apiKey=3e98ccbfff5ed19b801086b00dfc5e36&view=standard&xml-decode=true&httpAccept=application%2Fxml,3.374886,0.000000
https://api.elsevier.com/content/search/scopus?query=all(climate%20change%20global%20warming%20ocean%20atmosphere%20moon)&sort=coverDate&start=1800&count=25&apiKey=3e98ccbfff5ed19b801086b00dfc5e36&view=standard&xml-decode=true&httpAccept=application%2Fxml,2.897026,0.000000
https://api.elsevier.com/content/search/scopus?query=all(climate%20change%20global%20warming%20ocean%20atmosphere%20moon)&sort=coverDate&start=1700&count=25&apiKey=3e98ccbfff5ed19b801086b00dfc5e36&view=standard&xml-decode=true&httpAccept=application%2Fxml,2.979302,0.000000
https://api.elsevier.com/content/search/scopus?query=all(climate%20change%20global%20warming%20ocean%20atmosphere%20moon)&sort=coverDate&start=1525&count=25&apiKey=3e98ccbfff5ed19b801086b00dfc5e36&view=standard&xml-decode=true&httpAccept=application%2Fxml,3.109459,0.000000
https://api.elsevier.com/content/search/scopus?query=all(climate%20change%20global%20warming%20ocean%20atmosphere%20moon)&sort=coverDate&start=2200&count=25&apiKey=3e98ccbfff5ed19b801086b00dfc5e36&view=standard&xml-decode=true&httpAccept=application%2Fxml,2.110810,0.000000
https://api.elsevier.com/content/search/scopus?query=all(climate%20change%20global%20warming%20ocean%20atmosphere%20moon)&sort=coverDate&start=700&count=25&apiKey=3e98ccbfff5ed19b801086b00dfc5e36&view=standard&xml-decode=true&httpAccept=application%2Fxml,3.271061,0.000000
https://api.elsevier.com/content/search/scopus?query=all(climate%20change%20global%20warming%20ocean%20atmosphere%20moon)&sort=coverDate&start=2175&count=25&apiKey=3e98ccbfff5ed19b801086b00dfc5e36&view=standard&xml-decode=true&httpAccept=application%2Fxml,2.621093,0.000000
https://api.elsevier.com/content/search/scopus?query=all(climate%20change%20global%20warming%20ocean%20atmosphere%20moon)&sort=coverDate&start=625&count=25&apiKey=3e98ccbfff5ed19b801086b00dfc5e36&view=standard&xml-decode=true&httpAccept=application%2Fxml,2.627060,0.000000
https://api.elsevier.com/content/search/scopus?query=all(climate%20change%20global%20warming%20ocean%20atmosphere%20moon)&sort=coverDate&start=1150&count=25&apiKey=3e98ccbfff5ed19b801086b00dfc5e36&view=standard&xml-decode=true&httpAccept=application%2Fxml,3.537300,0.000000
https://api.elsevier.com/content/search/scopus?query=all(climate%20change%20global%20warming%20ocean%20atmosphere%20moon)&sort=coverDate&start=2150&count=25&apiKey=3e98ccbfff5ed19b801086b00dfc5e36&view=standard&xml-decode=true&httpAccept=application%2Fxml,2.542336,0.000000
https://api.elsevier.com/content/search/scopus?query=all(climate%20change%20global%20warming%20ocean%20atmosphere%20moon)&sort=coverDate&start=1725&count=25&apiKey=3e98ccbfff5ed19b801086b00dfc5e36&view=standard&xml-decode=true&httpAccept=application%2Fxml,2.545690,0.000000
https://api.elsevier.com/content/search/scopus?query=all(climate%20change%20global%20warming%20ocean%20atmosphere%20moon)&sort=coverDate&start=1400&count=25&apiKey=3e98ccbfff5ed19b801086b00dfc5e36&view=standard&xml-decode=true&httpAccept=application%2Fxml,3.777932,0.000000
https://api.elsevier.com/content/search/scopus?query=all(climate%20change%20global%20warming%20ocean%20atmosphere%20moon)&sort=coverDate&start=2350&count=25&apiKey=3e98ccbfff5ed19b801086b00dfc5e36&view=standard&xml-decode=true&httpAccept=application%2Fxml,1.851132,0.000000
https://api.elsevier.com/content/search/scopus?query=all(climate%20change%20global%20warming%20ocean%20atmosphere%20moon)&sort=coverDate&start=1750&count=25&apiKey=3e98ccbfff5ed19b801086b00dfc5e36&view=standard&xml-decode=true&httpAccept=application%2Fxml,3.873156,0.000000
https://api.elsevier.com/content/search/scopus?query=all(climate%20change%20global%20warming%20ocean%20atmosphere%20moon)&sort=coverDate&start=2400&count=25&apiKey=3e98ccbfff5ed19b801086b00dfc5e36&view=standard&xml-decode=true&httpAccept=application%2Fxml,2.126901,0.000000
https://api.elsevier.com/content/search/scopus?query=all(climate%20change%20global%20warming%20ocean%20atmosphere%20moon)&sort=coverDate&start=100&count=25&apiKey=3e98ccbfff5ed19b801086b00dfc5e36&view=standard&xml-decode=true&httpAccept=application%2Fxml,2.167825,0.000000
https://api.elsevier.com/content/search/scopus?query=all(climate%20change%20global%20warming%20ocean%20atmosphere%20moon)&sort=coverDate&start=2125&count=25&apiKey=3e98ccbfff5ed19b801086b00dfc5e36&view=standard&xml-decode=true&httpAccept=application%2Fxml,3.334293,0.000000
https://api.elsevier.com/content/search/scopus?query=all(climate%20change%20global%20warming%20ocean%20atmosphere%20moon)&sort=coverDate&start=2275&count=25&apiKey=3e98ccbfff5ed19b801086b00dfc5e36&view=standard&xml-decode=true&httpAccept=application%2Fxml,2.360767,0.000000
https://api.elsevier.com/content/search/scopus?query=all(climate%20change%20global%20warming%20ocean%20atmosphere%20moon)&sort=coverDate&start=2100&count=25&apiKey=3e98ccbfff5ed19b801086b00dfc5e36&view=standard&xml-decode=true&httpAccept=application%2Fxml,3.574625,0.000000
https://api.elsevier.com/content/search/scopus?query=all(climate%20change%20global%20warming%20ocean%20atmosphere%20moon)&sort=coverDate&start=525&count=25&apiKey=3e98ccbfff5ed19b801086b00dfc5e36&view=standard&xml-decode=true&httpAccept=application%2Fxml,1.744420,0.000000
https://api.elsevier.com/content/search/scopus?query=all(climate%20change%20global%20warming%20ocean%20atmosphere%20moon)&sort=coverDate&start=2375&count=25&apiKey=3e98ccbfff5ed19b801086b00dfc5e36&view=standard&xml-decode=true&httpAccept=application%2Fxml,2.764010,0.000000
https://api.elsevier.com/content/search/scopus?query=all(climate%20change%20global%20warming%20ocean%20atmosphere%20moon)&sort=coverDate&start=2500&count=25&apiKey=3e98ccbfff5ed19b801086b00dfc5e36&view=standard&xml-decode=true&httpAccept=application%2Fxml,2.031325,0.000000
https://api.elsevier.com/content/search/scopus?query=all(climate%20change%20global%20warming%20ocean%20atmosphere%20moon)&sort=coverDate&start=1200&count=25&apiKey=3e98ccbfff5ed19b801086b00dfc5e36&view=standard&xml-decode=true&httpAccept=application%2Fxml,3.328649,0.000000
https://api.elsevier.com/content/search/scopus?query=all(climate%20change%20global%20warming%20ocean%20atmosphere%20moon)&sort=coverDate&start=2000&count=25&apiKey=3e98ccbfff5ed19b801086b00dfc5e36&view=standard&xml-decode=true&httpAccept=application%2Fxml,2.481581,0.000000
https://api.elsevier.com/content/search/scopus?query=all(climate%20change%20global%20warming%20ocean%20atmosphere%20moon)&sort=coverDate&start=775&count=25&apiKey=3e98ccbfff5ed19b801086b00dfc5e36&view=standard&xml-decode=true&httpAccept=application%2Fxml,2.512573,0.000000
https://api.elsevier.com/content/search/scopus?query=all(climate%20change%20global%20warming%20ocean%20atmosphere%20moon)&sort=coverDate&start=1425&count=25&apiKey=3e98ccbfff5ed19b801086b00dfc5e36&view=standard&xml-decode=true&httpAccept=application%2Fxml,2.712848,0.000000
https://api.elsevier.com/content/search/scopus?query=all(climate%20change%20global%20warming%20ocean%20atmosphere%20moon)&sort=coverDate&start=1550&count=25&apiKey=3e98ccbfff5ed19b801086b00dfc5e36&view=standard&xml-decode=true&httpAccept=application%2Fxml,2.871146,0.000000
https://api.elsevier.com/content/search/scopus?query=all(climate%20change%20global%20warming%20ocean%20atmosphere%20moon)&sort=coverDate&start=2075&count=25&apiKey=3e98ccbfff5ed19b801086b00dfc5e36&view=standard&xml-decode=true&httpAccept=application%2Fxml,4.122969,0.000000
https://api.elsevier.com/content/search/scopus?query=all(climate%20change%20global%20warming%20ocean%20atmosphere%20moon)&sort=coverDate&start=2450&count=25&apiKey=3e98ccbfff5ed19b801086b00dfc5e36&view=standard&xml-decode=true&httpAccept=application%2Fxml,3.267873,0.000000
https://api.elsevier.com/content/search/scopus?query=all(climate%20change%20global%20warming%20ocean%20atmosphere%20moon)&sort=coverDate&start=425&count=25&apiKey=3e98ccbfff5ed19b801086b00dfc5e36&view=standard&xml-decode=true&httpAccept=application%2Fxml,2.311660,0.000000
https://api.elsevier.com/content/search/scopus?query=all(climate%20change%20global%20warming%20ocean%20atmosphere%20moon)&sort=coverDate&start=2300&count=25&apiKey=3e98ccbfff5ed19b801086b00dfc5e36&view=standard&xml-decode=true&httpAccept=application%2Fxml,2.419707,0.000000
https://api.elsevier.com/content/search/scopus?query=all(climate%20change%20global%20warming%20ocean%20atmosphere%20moon)&sort=coverDate&start=1600&count=25&apiKey=3e98ccbfff5ed19b801086b00dfc5e36&view=standard&xml-decode=true&httpAccept=application%2Fxml,2.480728,0.000000
https://api.elsevier.com/content/search/scopus?query=all(climate%20change%20global%20warming%20ocean%20atmosphere%20moon)&sort=coverDate&start=400&count=25&apiKey=3e98ccbfff5ed19b801086b00dfc5e36&view=standard&xml-decode=true&httpAccept=application%2Fxml,2.483980,0.000000
https://api.elsevier.com/content/search/scopus?query=all(climate%20change%20global%20warming%20ocean%20atmosphere%20moon)&sort=coverDate&start=2050&count=25&apiKey=3e98ccbfff5ed19b801086b00dfc5e36&view=standard&xml-decode=true&httpAccept=application%2Fxml,3.116934,0.000000
https://api.elsevier.com/content/search/scopus?query=all(climate%20change%20global%20warming%20ocean%20atmosphere%20moon)&sort=coverDate&start=2800&count=25&apiKey=3e98ccbfff5ed19b801086b00dfc5e36&view=standard&xml-decode=true&httpAccept=application%2Fxml,2.242134,0.000000
https://api.elsevier.com/content/search/scopus?query=all(climate%20change%20global%20warming%20ocean%20atmosphere%20moon)&sort=coverDate&start=1450&count=25&apiKey=3e98ccbfff5ed19b801086b00dfc5e36&view=standard&xml-decode=true&httpAccept=application%2Fxml,2.360374,0.000000
https://api.elsevier.com/content/search/scopus?query=all(climate%20change%20global%20warming%20ocean%20atmosphere%20moon)&sort=coverDate&start=2600&count=25&apiKey=3e98ccbfff5ed19b801086b00dfc5e36&view=standard&xml-decode=true&httpAccept=application%2Fxml,2.465809,0.000000
https://api.elsevier.com/content/search/scopus?query=all(climate%20change%20global%20warming%20ocean%20atmosphere%20moon)&sort=coverDate&start=1950&count=25&apiKey=3e98ccbfff5ed19b801086b00dfc5e36&view=standard&xml-decode=true&httpAccept=application%2Fxml,2.482450,0.000000
https://api.elsevier.com/content/search/scopus?query=all(climate%20change%20global%20warming%20ocean%20atmosphere%20moon)&sort=coverDate&start=2675&count=25&apiKey=3e98ccbfff5ed19b801086b00dfc5e36&view=standard&xml-decode=true&httpAccept=application%2Fxml,2.517310,0.000000
https://api.elsevier.com/content/search/scopus?query=all(climate%20change%20global%20warming%20ocean%20atmosphere%20moon)&sort=coverDate&start=2725&count=25&apiKey=3e98ccbfff5ed19b801086b00dfc5e36&view=standard&xml-decode=true&httpAccept=application%2Fxml,2.247592,0.000000
https://api.elsevier.com/content/search/scopus?query=all(climate%20change%20global%20warming%20ocean%20atmosphere%20moon)&sort=coverDate&start=2425&count=25&apiKey=3e98ccbfff5ed19b801086b00dfc5e36&view=standard&xml-decode=true&httpAccept=application%2Fxml,4.108333,0.000000
https://api.elsevier.com/content/search/scopus?query=all(climate%20change%20global%20warming%20ocean%20atmosphere%20moon)&sort=coverDate&start=725&count=25&apiKey=3e98ccbfff5ed19b801086b00dfc5e36&view=standard&xml-decode=true&httpAccept=application%2Fxml,2.340632,0.000000
https://api.elsevier.com/content/search/scopus?query=all(climate%20change%20global%20warming%20ocean%20atmosphere%20moon)&sort=coverDate&start=2325&count=25&apiKey=3e98ccbfff5ed19b801086b00dfc5e36&view=standard&xml-decode=true&httpAccept=application%2Fxml,2.344078,0.000000
https://api.elsevier.com/content/search/scopus?query=all(climate%20change%20global%20warming%20ocean%20atmosphere%20moon)&sort=coverDate&start=2750&count=25&apiKey=3e98ccbfff5ed19b801086b00dfc5e36&view=standard&xml-decode=true&httpAccept=application%2Fxml,3.349485,0.000000
https://api.elsevier.com/content/search/scopus?query=all(climate%20change%20global%20warming%20ocean%20atmosphere%20moon)&sort=coverDate&start=3025&count=25&apiKey=3e98ccbfff5ed19b801086b00dfc5e36&view=standard&xml-decode=true&httpAccept=application%2Fxml,2.355903,0.000000
https://api.elsevier.com/content/search/scopus?query=all(climate%20change%20global%20warming%20ocean%20atmosphere%20moon)&sort=coverDate&start=3050&count=25&apiKey=3e98ccbfff5ed19b801086b00dfc5e36&view=standard&xml-decode=true&httpAccept=application%2Fxml,2.360412,0.000000
https://api.elsevier.com/content/search/scopus?query=all(climate%20change%20global%20warming%20ocean%20atmosphere%20moon)&sort=coverDate&start=3000&count=25&apiKey=3e98ccbfff5ed19b801086b00dfc5e36&view=standard&xml-decode=true&httpAccept=application%2Fxml,2.347470,0.000000
https://api.elsevier.com/content/search/scopus?query=all(climate%20change%20global%20warming%20ocean%20atmosphere%20moon)&sort=coverDate&start=2475&count=25&apiKey=3e98ccbfff5ed19b801086b00dfc5e36&view=standard&xml-decode=true&httpAccept=application%2Fxml,4.615230,0.000000
https://api.elsevier.com/content/search/scopus?query=all(climate%20change%20global%20warming%20ocean%20atmosphere%20moon)&sort=coverDate&start=3250&count=25&apiKey=3e98ccbfff5ed19b801086b00dfc5e36&view=standard&xml-decode=true&httpAccept=application%2Fxml,2.186740,0.000000
https://api.elsevier.com/content/search/scopus?query=all(climate%20change%20global%20warming%20ocean%20atmosphere%20moon)&sort=coverDate&start=2625&count=25&apiKey=3e98ccbfff5ed19b801086b00dfc5e36&view=standard&xml-decode=true&httpAccept=application%2Fxml,2.311796,0.000000
https://api.elsevier.com/content/search/scopus?query=all(climate%20change%20global%20warming%20ocean%20atmosphere%20moon)&sort=coverDate&start=3175&count=25&apiKey=3e98ccbfff5ed19b801086b00dfc5e36&view=standard&xml-decode=true&httpAccept=application%2Fxml,2.345949,0.000000
https://api.elsevier.com/content/search/scopus?query=all(climate%20change%20global%20warming%20ocean%20atmosphere%20moon)&sort=coverDate&start=3200&count=25&apiKey=3e98ccbfff5ed19b801086b00dfc5e36&view=standard&xml-decode=true&httpAccept=application%2Fxml,2.351027,0.000000
https://api.elsevier.com/content/search/scopus?query=all(climate%20change%20global%20warming%20ocean%20atmosphere%20moon)&sort=coverDate&start=2700&count=25&apiKey=3e98ccbfff5ed19b801086b00dfc5e36&view=standard&xml-decode=true&httpAccept=application%2Fxml,3.477117,0.000000
https://api.elsevier.com/content/search/scopus?query=all(climate%20change%20global%20warming%20ocean%20atmosphere%20moon)&sort=coverDate&start=2250&count=25&apiKey=3e98ccbfff5ed19b801086b00dfc5e36&view=standard&xml-decode=true&httpAccept=application%2Fxml,3.486692,0.000000
https://api.elsevier.com/content/search/scopus?query=all(climate%20change%20global%20warming%20ocean%20atmosphere%20moon)&sort=coverDate&start=1925&count=25&apiKey=3e98ccbfff5ed19b801086b00dfc5e36&view=standard&xml-decode=true&httpAccept=application%2Fxml,2.570702,0.000000
https://api.elsevier.com/content/search/scopus?query=all(climate%20change%20global%20warming%20ocean%20atmosphere%20moon)&sort=coverDate&start=2775&count=25&apiKey=3e98ccbfff5ed19b801086b00dfc5e36&view=standard&xml-decode=true&httpAccept=application%2Fxml,2.506836,0.000000
https://api.elsevier.com/content/search/scopus?query=all(climate%20change%20global%20warming%20ocean%20atmosphere%20moon)&sort=coverDate&start=3400&count=25&apiKey=3e98ccbfff5ed19b801086b00dfc5e36&view=standard&xml-decode=true&httpAccept=application%2Fxml,2.104964,0.000000
https://api.elsevier.com/content/search/scopus?query=all(climate%20change%20global%20warming%20ocean%20atmosphere%20moon)&sort=coverDate&start=3225&count=25&apiKey=3e98ccbfff5ed19b801086b00dfc5e36&view=standard&xml-decode=true&httpAccept=application%2Fxml,3.254574,0.000000
https://api.elsevier.com/content/search/scopus?query=all(climate%20change%20global%20warming%20ocean%20atmosphere%20moon)&sort=coverDate&start=3450&count=25&apiKey=3e98ccbfff5ed19b801086b00dfc5e36&view=standard&xml-decode=true&httpAccept=application%2Fxml,2.386358,0.000000
https://api.elsevier.com/content/search/scopus?query=all(climate%20change%20global%20warming%20ocean%20atmosphere%20moon)&sort=coverDate&start=3425&count=25&apiKey=3e98ccbfff5ed19b801086b00dfc5e36&view=standard&xml-decode=true&httpAccept=application%2Fxml,2.522581,0.000000
https://api.elsevier.com/content/search/scopus?query=all(climate%20change%20global%20warming%20ocean%20atmosphere%20moon)&sort=coverDate&start=3100&count=25&apiKey=3e98ccbfff5ed19b801086b00dfc5e36&view=standard&xml-decode=true&httpAccept=application%2Fxml,2.560774,0.000000
https://api.elsevier.com/content/search/scopus?query=all(climate%20change%20global%20warming%20ocean%20atmosphere%20moon)&sort=coverDate&start=3350&count=25&apiKey=3e98ccbfff5ed19b801086b00dfc5e36&view=standard&xml-decode=true&httpAccept=application%2Fxml,2.920182,0.000000
https://api.elsevier.com/content/search/scopus?query=all(climate%20change%20global%20warming%20ocean%20atmosphere%20moon)&sort=coverDate&start=3375&count=25&apiKey=3e98ccbfff5ed19b801086b00dfc5e36&view=standard&xml-decode=true&httpAccept=application%2Fxml,3.117782,0.000000
https://api.elsevier.com/content/search/scopus?query=all(climate%20change%20global%20warming%20ocean%20atmosphere%20moon)&sort=coverDate&start=3325&count=25&apiKey=3e98ccbfff5ed19b801086b00dfc5e36&view=standard&xml-decode=true&httpAccept=application%2Fxml,3.183883,0.000000
https://api.elsevier.com/content/search/scopus?query=all(climate%20change%20global%20warming%20ocean%20atmosphere%20moon)&sort=coverDate&start=1100&count=25&apiKey=3e98ccbfff5ed19b801086b00dfc5e36&view=standard&xml-decode=true&httpAccept=application%2Fxml,2.358352,0.000000
https://api.elsevier.com/content/search/scopus?query=all(climate%20change%20global%20warming%20ocean%20atmosphere%20moon)&sort=coverDate&start=375&count=25&apiKey=3e98ccbfff5ed19b801086b00dfc5e36&view=standard&xml-decode=true&httpAccept=application%2Fxml,2.406412,0.000000
https://api.elsevier.com/content/search/scopus?query=all(climate%20change%20global%20warming%20ocean%20atmosphere%20moon)&sort=coverDate&start=2525&count=25&apiKey=3e98ccbfff5ed19b801086b00dfc5e36&view=standard&xml-decode=true&httpAccept=application%2Fxml,2.514078,0.000000
https://api.elsevier.com/content/search/scopus?query=all(climate%20change%20global%20warming%20ocean%20atmosphere%20moon)&sort=coverDate&start=1975&count=25&apiKey=3e98ccbfff5ed19b801086b00dfc5e36&view=standard&xml-decode=true&httpAccept=application%2Fxml,2.578972,0.000000
https://api.elsevier.com/content/search/scopus?query=all(climate%20change%20global%20warming%20ocean%20atmosphere%20moon)&sort=coverDate&start=75&count=25&apiKey=3e98ccbfff5ed19b801086b00dfc5e36&view=standard&xml-decode=true&httpAccept=application%2Fxml,2.807114,0.000000
https://api.elsevier.com/content/search/scopus?query=all(climate%20change%20global%20warming%20ocean%20atmosphere%20moon)&sort=coverDate&start=3275&count=25&apiKey=3e98ccbfff5ed19b801086b00dfc5e36&view=standard&xml-decode=true&httpAccept=application%2Fxml,3.115078,0.000000
https://api.elsevier.com/content/search/scopus?query=all(climate%20change%20global%20warming%20ocean%20atmosphere%20moon)&sort=coverDate&start=2975&count=25&apiKey=3e98ccbfff5ed19b801086b00dfc5e36&view=standard&xml-decode=true&httpAccept=application%2Fxml,3.171625,0.000000
https://api.elsevier.com/content/search/scopus?query=all(climate%20change%20global%20warming%20ocean%20atmosphere%20moon)&sort=coverDate&start=1900&count=25&apiKey=3e98ccbfff5ed19b801086b00dfc5e36&view=standard&xml-decode=true&httpAccept=application%2Fxml,2.464936,0.000000
https://api.elsevier.com/content/search/scopus?query=all(climate%20change%20global%20warming%20ocean%20atmosphere%20moon)&sort=coverDate&start=450&count=25&apiKey=3e98ccbfff5ed19b801086b00dfc5e36&view=standard&xml-decode=true&httpAccept=application%2Fxml,2.849414,0.000000
https://api.elsevier.com/content/search/scopus?query=all(climate%20change%20global%20warming%20ocean%20atmosphere%20moon)&sort=coverDate&start=2925&count=25&apiKey=3e98ccbfff5ed19b801086b00dfc5e36&view=standard&xml-decode=true&httpAccept=application%2Fxml,1.920142,0.000000
https://api.elsevier.com/content/search/scopus?query=all(climate%20change%20global%20warming%20ocean%20atmosphere%20moon)&sort=coverDate&start=2850&count=25&apiKey=3e98ccbfff5ed19b801086b00dfc5e36&view=standard&xml-decode=true&httpAccept=application%2Fxml,3.179551,0.000000
https://api.elsevier.com/content/search/scopus?query=all(climate%20change%20global%20warming%20ocean%20atmosphere%20moon)&sort=coverDate&start=2025&count=25&apiKey=3e98ccbfff5ed19b801086b00dfc5e36&view=standard&xml-decode=true&httpAccept=application%2Fxml,3.183099,0.000000
https://api.elsevier.com/content/search/scopus?query=all(climate%20change%20global%20warming%20ocean%20atmosphere%20moon)&sort=coverDate&start=2825&count=25&apiKey=3e98ccbfff5ed19b801086b00dfc5e36&view=standard&xml-decode=true&httpAccept=application%2Fxml,2.290743,0.000000
https://api.elsevier.com/content/search/scopus?query=all(climate%20change%20global%20warming%20ocean%20atmosphere%20moon)&sort=coverDate&start=2950&count=25&apiKey=3e98ccbfff5ed19b801086b00dfc5e36&view=standard&xml-decode=true&httpAccept=application%2Fxml,2.359813,0.000000
https://api.elsevier.com/content/search/scopus?query=all(climate%20change%20global%20warming%20ocean%20atmosphere%20moon)&sort=coverDate&start=1125&count=25&apiKey=3e98ccbfff5ed19b801086b00dfc5e36&view=standard&xml-decode=true&httpAccept=application%2Fxml,3.492620,0.000000
https://api.elsevier.com/content/search/scopus?query=all(climate%20change%20global%20warming%20ocean%20atmosphere%20moon)&sort=coverDate&start=3125&count=25&apiKey=3e98ccbfff5ed19b801086b00dfc5e36&view=standard&xml-decode=true&httpAccept=application%2Fxml,3.561421,0.000000
https://api.elsevier.com/content/search/scopus?query=all(climate%20change%20global%20warming%20ocean%20atmosphere%20moon)&sort=coverDate&start=2875&count=25&apiKey=3e98ccbfff5ed19b801086b00dfc5e36&view=standard&xml-decode=true&httpAccept=application%2Fxml,2.720892,0.000000
https://api.elsevier.com/content/search/scopus?query=all(climate%20change%20global%20warming%20ocean%20atmosphere%20moon)&sort=coverDate&start=675&count=25&apiKey=3e98ccbfff5ed19b801086b00dfc5e36&view=standard&xml-decode=true&httpAccept=application%2Fxml,3.211485,0.000000
https://api.elsevier.com/content/search/scopus?query=all(climate%20change%20global%20warming%20ocean%20atmosphere%20moon)&sort=coverDate&start=2900&count=25&apiKey=3e98ccbfff5ed19b801086b00dfc5e36&view=standard&xml-decode=true&httpAccept=application%2Fxml,2.220460,0.000000
https://api.elsevier.com/content/search/scopus?query=all(climate%20change%20global%20warming%20ocean%20atmosphere%20moon)&sort=coverDate&start=2650&count=25&apiKey=3e98ccbfff5ed19b801086b00dfc5e36&view=standard&xml-decode=true&httpAccept=application%2Fxml,2.280586,0.000000
https://api.elsevier.com/content/search/scopus?query=all(climate%20change%20global%20warming%20ocean%20atmosphere%20moon)&sort=coverDate&start=2225&count=25&apiKey=3e98ccbfff5ed19b801086b00dfc5e36&view=standard&xml-decode=true&httpAccept=application%2Fxml,2.442708,0.000000
https://api.elsevier.com/content/search/scopus?query=all(climate%20change%20global%20warming%20ocean%20atmosphere%20moon)&sort=coverDate&start=2575&count=25&apiKey=3e98ccbfff5ed19b801086b00dfc5e36&view=standard&xml-decode=true&httpAccept=application%2Fxml,2.549454,0.000000
https://api.elsevier.com/content/search/scopus?query=all(climate%20change%20global%20warming%20ocean%20atmosphere%20moon)&sort=coverDate&start=3150&count=25&apiKey=3e98ccbfff5ed19b801086b00dfc5e36&view=standard&xml-decode=true&httpAccept=application%2Fxml,2.552510,0.000000
https://api.elsevier.com/content/search/scopus?query=all(climate%20change%20global%20warming%20ocean%20atmosphere%20moon)&sort=coverDate&start=3075&count=25&apiKey=3e98ccbfff5ed19b801086b00dfc5e36&view=standard&xml-decode=true&httpAccept=application%2Fxml,3.580860,0.000000
https://api.elsevier.com/content/search/scopus?query=all(climate%20change%20global%20warming%20ocean%20atmosphere%20moon)&sort=coverDate&start=1875&count=25&apiKey=3e98ccbfff5ed19b801086b00dfc5e36&view=standard&xml-decode=true&httpAccept=application%2Fxml,3.228418,0.000000
https://api.elsevier.com/content/search/scopus?query=all(climate%20change%20global%20warming%20ocean%20atmosphere%20moon)&sort=coverDate&start=2550&count=25&apiKey=3e98ccbfff5ed19b801086b00dfc5e36&view=standard&xml-decode=true&httpAccept=application%2Fxml,2.424838,0.000000
https://api.elsevier.com/content/search/scopus?query=all(climate%20change%20global%20warming%20ocean%20atmosphere%20moon)&sort=coverDate&start=3300&count=25&apiKey=3e98ccbfff5ed19b801086b00dfc5e36&view=standard&xml-decode=true&httpAccept=application%2Fxml,4.763384,0.000000
